0,0.05,0.1,0.15,0.2,0.25,0.3,0.35,0.4,0.45,0.5,0.55,0.6,0.65,0.7,0.75,0.8,0.85,0.9,0.95,1,1.05,1.1,1.15,1.2,1.25,1.3,1.35,1.4,1.45,1.5,1.55,1.6,1.65,1.7,1.75,1.8,1.85,1.9,1.95,2,2.05,2.1,2.15,2.2,2.25,2.3,2.35,2.4,2.45,2.5,2.55,2.6,2.65,2.7,2.75,2.8,2.85,2.9,2.95,3,3.05,3.1,3.15,3.2,3.25,3.3,3.35,3.4,3.45,3.5,3.55,3.6,3.65,3.7,3.75,3.8,3.85,3.9,3.95,4,4.05,4.1,4.15,4.2,4.25,4.3,4.35,4.4,4.45,4.5,4.55,4.6,4.65,4.7,4.75,4.8,4.85,4.9,4.95,5,5.05,5.1,5.15,5.2,5.25,5.3,5.35,5.4,5.45,5.5,5.55,5.6,5.65,5.7,5.75,5.8,5.85,5.9,5.95,6,6.05,6.1,6.15,6.2,6.25,6.3,6.35,6.4,6.45,6.5,6.55,6.6,6.65,6.7,6.75,6.8,6.85,6.9,6.95,7,7.05,7.1,7.15,7.2,7.25,7.3,7.35,7.4,7.45,7.5,7.55,7.6,7.65,7.7,7.75,7.8,7.85,7.9,7.95,8,8.05,8.1,8.15,8.2,8.25,8.3,8.35,8.4,8.45,8.5,8.55,8.6,8.65,8.7,8.75,8.8,8.85,8.9,8.95,9,9.05,9.1,9.15,9.2,9.25,9.3,9.35,9.4,9.45,9.5,9.55,9.6,9.65,9.7,9.75,9.8,9.85,9.9,9.95,10,10,10,10,10,10,10,10,10,10,10,10,10,10,10,10,10,10,10,10,10,10,10,10,10,10,10,10,10,10,10,10,10,10,10,10,10,10,10,10,10,10,10,10,10,10,10,10,10,10,10,10,10,10,10,10,10,10,10,10,10,10,10,10,10,10,10,10,10,10,10,10,10,10,10,10,10,10,10,10,10,10,10,10,10,10,10,10,10,10,10,10,10,10,10,10,10,10,10,10,10,10,10,10,10,10,10,10,10,10,10,10,10,10,10,10,10,10,10,10,10,10,10,10,10,10,10,10,10,10,10,10,10,10,10,10,10,10,10,10,10,10,10,10,10,10,10,10,10,10,10,10,10,10,10,10,10,10,10,10,10,10,10,10,10,10,10,10,10,10,10,10,10,10,10,10,10,10,10,10,10,10,10,10,10,10,10,10,10,10,10,10,10,10,10,10,10,10,10,10,10,9.95,9.9,9.85,9.8,9.75,9.7,9.65,9.6,9.55,9.5,9.45,9.4,9.35,9.3,9.25,9.2,9.15,9.1,9.05,9,8.95,8.9,8.85,8.8,8.75,8.7,8.65,8.6,8.55,8.5,8.45,8.4,8.35,8.3,8.25,8.2,8.15,8.1,8.05,8,7.95,7.9,7.85,7.8,7.75,7.7,7.65,7.6,7.55,7.5,7.45,7.4,7.35,7.3,7.25,7.2,7.15,7.1,7.05,7,6.95,6.9,6.85,6.8,6.75,6.7,6.65,6.6,6.55,6.5,6.45,6.4,6.35,6.3,6.25,6.2,6.15,6.1,6.05,6,5.95,5.9,5.85,5.8,5.75,5.7,5.65,5.6,5.55,5.5,5.45,5.4,5.35,5.3,5.25,5.2,5.15,5.1,5.05,5,4.95,4.9,4.85,4.8,4.75,4.7,4.65,4.6,4.55,4.5,4.45,4.4,4.35,4.3,4.25,4.2,4.15,4.1,4.05,4,3.95,3.9,3.85,3.8,3.75,3.7,3.65,3.6,3.55,3.5,3.45,3.4,3.35,3.3,3.25,3.2,3.15,3.1,3.05,3,2.95,2.9,2.85,2.8,2.75,2.7,2.65,2.6,2.55,2.5,2.45,2.4,2.35,2.3,2.25,2.2,2.15,2.1,2.05,2,1.95,1.9,1.85,1.8,1.75,1.7,1.65,1.6,1.55,1.5,1.45,1.4,1.35,1.3,1.25,1.2,1.15,1.1,1.05,1,0.95,0.9,0.85,0.8,0.75,0.7,0.65,0.6,0.55,0.5,0.45,0.4,0.35,0.3,0.25,0.2,0.15,0.1,0.05,0,0,0,0,0,0,0,0,0,0,0,0,0,0,0,0,0,0,0,0,0,0,0,0,0,0,0,0,0,0,0,0,0,0,0,0,0,0,0,0,0,0,0,0,0,0,0,0,0,0,0,0,0,0,0,0,0,0,0,0,0,0,0,0,0,0,0,0,0,0,0,0,0,0,0,0,0,0,0,0,0,0,0,0,0,0,0,0,0,0,0,0,0,0,0,0,0,0,0,0,0,0,0,0,0,0,0,0,0,0,0,0,0,0,0,0,0,0,0,0,0,0,0,0,0,0,0,0,0,0,0,0,0,0,0,0,0,0,0,0,0,0,0,0,0,0,0,0,0,0,0,0,0,0,0,0,0,0,0,0,0,0,0,0,0,0,0,0,0,0,0,0,0,0,0,0,0,0,0,0,0,0,0,0,0,0,0,0,0,0,0,0,0,0,0,0,0,0,0,0,0
0,0,0,0,0,0,0,0,0,0,0,0,0,0,0,0,0,0,0,0,0,0,0,0,0,0,0,0,0,0,0,0,0,0,0,0,0,0,0,0,0,0,0,0,0,0,0,0,0,0,0,0,0,0,0,0,0,0,0,0,0,0,0,0,0,0,0,0,0,0,0,0,0,0,0,0,0,0,0,0,0,0,0,0,0,0,0,0,0,0,0,0,0,0,0,0,0,0,0,0,0,0,0,0,0,0,0,0,0,0,0,0,0,0,0,0,0,0,0,0,0,0,0,0,0,0,0,0,0,0,0,0,0,0,0,0,0,0,0,0,0,0,0,0,0,0,0,0,0,0,0,0,0,0,0,0,0,0,0,0,0,0,0,0,0,0,0,0,0,0,0,0,0,0,0,0,0,0,0,0,0,0,0,0,0,0,0,0,0,0,0,0,0,0,0,0,0,0,0,0,0,0.05,0.1,0.15,0.2,0.25,0.3,0.35,0.4,0.45,0.5,0.55,0.6,0.65,0.7,0.75,0.8,0.85,0.9,0.95,1,1.05,1.1,1.15,1.2,1.25,1.3,1.35,1.4,1.45,1.5,1.55,1.6,1.65,1.7,1.75,1.8,1.85,1.9,1.95,2,2.05,2.1,2.15,2.2,2.25,2.3,2.35,2.4,2.45,2.5,2.55,2.6,2.65,2.7,2.75,2.8,2.85,2.9,2.95,3,3.05,3.1,3.15,3.2,3.25,3.3,3.35,3.4,3.45,3.5,3.55,3.6,3.65,3.7,3.75,3.8,3.85,3.9,3.95,4,4.05,4.1,4.15,4.2,4.25,4.3,4.35,4.4,4.45,4.5,4.55,4.6,4.65,4.7,4.75,4.8,4.85,4.9,4.95,5,5.05,5.1,5.15,5.2,5.25,5.3,5.35,5.4,5.45,5.5,5.55,5.6,5.65,5.7,5.75,5.8,5.85,5.9,5.95,6,6.05,6.1,6.15,6.2,6.25,6.3,6.35,6.4,6.45,6.5,6.55,6.6,6.65,6.7,6.75,6.8,6.85,6.9,6.95,7,7.05,7.1,7.15,7.2,7.25,7.3,7.35,7.4,7.45,7.5,7.55,7.6,7.65,7.7,7.75,7.8,7.85,7.9,7.95,8,8.05,8.1,8.15,8.2,8.25,8.3,8.35,8.4,8.45,8.5,8.55,8.6,8.65,8.7,8.75,8.8,8.85,8.9,8.95,9,9.05,9.1,9.15,9.2,9.25,9.3,9.35,9.4,9.45,9.5,9.55,9.6,9.65,9.7,9.75,9.8,9.85,9.9,9.95,10,10,10,10,10,10,10,10,10,10,10,10,10,10,10,10,10,10,10,10,10,10,10,10,10,10,10,10,10,10,10,10,10,10,10,10,10,10,10,10,10,10,10,10,10,10,10,10,10,10,10,10,10,10,10,10,10,10,10,10,10,10,10,10,10,10,10,10,10,10,10,10,10,10,10,10,10,10,10,10,10,10,10,10,10,10,10,10,10,10,10,10,10,10,10,10,10,10,10,10,10,10,10,10,10,10,10,10,10,10,10,10,10,10,10,10,10,10,10,10,10,10,10,10,10,10,10,10,10,10,10,10,10,10,10,10,10,10,10,10,10,10,10,10,10,10,10,10,10,10,10,10,10,10,10,10,10,10,10,10,10,10,10,10,10,10,10,10,10,10,10,10,10,10,10,10,10,10,10,10,10,10,10,10,10,10,10,10,10,10,10,10,10,10,10,10,10,10,10,10,10,9.95,9.9,9.85,9.8,9.75,9.7,9.65,9.6,9.55,9.5,9.45,9.4,9.35,9.3,9.25,9.2,9.15,9.1,9.05,9,8.95,8.9,8.85,8.8,8.75,8.7,8.65,8.6,8.55,8.5,8.45,8.4,8.35,8.3,8.25,8.2,8.15,8.1,8.05,8,7.95,7.9,7.85,7.8,7.75,7.7,7.65,7.6,7.55,7.5,7.45,7.4,7.35,7.3,7.25,7.2,7.15,7.1,7.05,7,6.95,6.9,6.85,6.8,6.75,6.7,6.65,6.6,6.55,6.5,6.45,6.4,6.35,6.3,6.25,6.2,6.15,6.1,6.05,6,5.95,5.9,5.85,5.8,5.75,5.7,5.65,5.6,5.55,5.5,5.45,5.4,5.35,5.3,5.25,5.2,5.15,5.1,5.05,5,4.95,4.9,4.85,4.8,4.75,4.7,4.65,4.6,4.55,4.5,4.45,4.4,4.35,4.3,4.25,4.2,4.15,4.1,4.05,4,3.95,3.9,3.85,3.8,3.75,3.7,3.65,3.6,3.55,3.5,3.45,3.4,3.35,3.3,3.25,3.2,3.15,3.1,3.05,3,2.95,2.9,2.85,2.8,2.75,2.7,2.65,2.6,2.55,2.5,2.45,2.4,2.35,2.3,2.25,2.2,2.15,2.1,2.05,2,1.95,1.9,1.85,1.8,1.75,1.7,1.65,1.6,1.55,1.5,1.45,1.4,1.35,1.3,1.25,1.2,1.15,1.1,1.05,1,0.95,0.9,0.85,0.8,0.75,0.7,0.65,0.6,0.55,0.5,0.45,0.4,0.35,0.3,0.25,0.2,0.15,0.1,0.05,0
0,0.061803,0.11756,0.1618,0.19021,0.2,0.19021,0.1618,0.11756,0.061803,2.4493e-17,-0.061803,-0.11756,-0.1618,-0.19021,-0.2,-0.19021,-0.1618,-0.11756,-0.061803,-4.8986e-17,0.061803,0.11756,0.1618,0.19021,0.2,0.19021,0.1618,0.11756,0.061803,7.3479e-17,-0.061803,-0.11756,-0.1618,-0.19021,-0.2,-0.19021,-0.1618,-0.11756,-0.061803,-9.7972e-17,0.061803,0.11756,0.1618,0.19021,0.2,0.19021,0.1618,0.11756,0.061803,1.2246e-16,-0.061803,-0.11756,-0.1618,-0.19021,-0.2,-0.19021,-0.1618,-0.11756,-0.061803,-1.4696e-16,0.061803,0.11756,0.1618,0.19021,0.2,0.19021,0.1618,0.11756,0.061803,1.7145e-16,-0.061803,-0.11756,-0.1618,-0.19021,-0.2,-0.19021,-0.1618,-0.11756,-0.061803,-1.9594e-16,0.061803,0.11756,0.1618,0.19021,0.2,0.19021,0.1618,0.11756,0.061803,2.2044e-16,-0.061803,-0.11756,-0.1618,-0.19021,-0.2,-0.19021,-0.1618,-0.11756,-0.061803,-2.4493e-16,0.061803,0.11756,0.1618,0.19021,0.2,0.19021,0.1618,0.11756,0.061803,9.7997e-16,-0.061803,-0.11756,-0.1618,-0.19021,-0.2,-0.19021,-0.1618,-0.11756,-0.061803,-2.9392e-16,0.061803,0.11756,0.1618,0.19021,0.2,0.19021,0.1618,0.11756,0.061803,-3.9213e-16,-0.061803,-0.11756,-0.1618,-0.19021,-0.2,-0.19021,-0.1618,-0.11756,-0.061803,-3.429e-16,0.061803,0.11756,0.1618,0.19021,0.2,0.19021,0.1618,0.11756,0.061803,1.0779e-15,-0.061803,-0.11756,-0.1618,-0.19021,-0.2,-0.19021,-0.1618,-0.11756,-0.061803,-3.9189e-16,0.061803,0.11756,0.1618,0.19021,0.2,0.19021,0.1618,0.11756,0.061803,-2.9416e-16,-0.061803,-0.11756,-0.1618,-0.19021,-0.2,-0.19021,-0.1618,-0.11756,-0.061803,-4.4087e-16,0.061803,0.11756,0.1618,0.19021,0.2,0.19021,0.1618,0.11756,0.061803,1.1759e-15,-0.061803,-0.11756,-0.1618,-0.19021,-0.2,-0.19021,-0.1618,-0.11756,-0.061803,-4.8986e-16,0.061803,0.11756,0.1618,0.19021,0.2,0.19021,0.1618,0.11756,0.061803,-1.9619e-16,-0.061803,-0.11756,-0.1618,-0.19021,-0.2,-0.19021,-0.1618,-0.11756,-0.061803,-1.9599e-15,0.061803,0.11756,0.1618,0.19021,0.2,0.19021,0.1618,0.11756,0.061803,1.2739e-15,-0.061803,-0.11756,-0.1618,-0.19021,-0.2,-0.19021,-0.1618,-0.11756,-0.061803,-5.8783e-16,0.061803,0.11756,0.1618,0.19021,0.2,0.19021,0.1618,0.11756,0.061803,-9.8219e-17,-0.061803,-0.11756,-0.1618,-0.19021,-0.2,-0.19021,-0.1618,-0.11756,-0.061803,7.8427e-16,0.061803,0.11756,0.1618,0.19021,0.2,0.19021,0.1618,0.11756,0.061803,1.3719e-15,-0.061803,-0.11756,-0.1618,-0.19021,-0.2,-0.19021,-0.1618,-0.11756,-0.061803,-6.858e-16,0.061803,0.11756,0.1618,0.19021,0.2,0.19021,0.1618,0.11756,0.061803,-2.4759e-19,-0.061803,-0.11756,-0.1618,-0.19021,-0.2,-0.19021,-0.1618,-0.11756,-0.061803,-2.1559e-15,0.061803,0.11756,0.1618,0.19021,0.2,0.19021,0.1618,0.11756,0.061803,1.4698e-15,-0.061803,-0.11756,-0.1618,-0.19021,-0.2,-0.19021,-0.1618,-0.11756,-0.061803,-7.8377e-16,0.061803,0.11756,0.1618,0.19021,0.2,0.19021,0.1618,0.11756,0.061803,9.7724e-17,-0.061803,-0.11756,-0.1618,-0.19021,-0.2,-0.19021,-0.1618,-0.11756,-0.061803,5.8833e-16,0.061803,0.11756,0.1618,0.19021,0.2,0.19021,0.1618,0.11756,0.061803,1.5678e-15,-0.061803,-0.11756,-0.1618,-0.19021,-0.2,-0.19021,-0.1618,-0.11756,-0.061803,-8.8175e-16,0.061803,0.11756,0.1618,0.19021,0.2,0.19021,0.1618,0.11756,0.061803,1.957e-16,-0.061803,-0.11756,-0.1618,-0.19021,-0.2,-0.19021,-0.1618,-0.11756,-0.061803,-2.3518e-15,0.061803,0.11756,0.1618,0.19021,0.2,0.19021,0.1618,0.11756,0.061803,1.6658e-15,-0.061803,-0.11756,-0.1618,-0.19021,-0.2,-0.19021,-0.1618,-0.11756,-0.061803,-9.7972e-16,0.061803,0.11756,0.1618,0.19021,0.2,0.19021,0.1618,0.11756,0.061803,3.1358e-15,-0.061803,-0.11756,-0.1618,-0.19021,-0.2,-0.19021,-0.1618,-0.11756,-0.061803,3.9238e-16,0.061803,0.11756,0.1618,0.19021,0.2,0.19021,0.1618,0.11756,0.061803,1.7637e-15,-0.061803,-0.11756,-0.1618,-0.19021,-0.2,-0.19021,-0.1618,-0.11756,-0.061803,-3.9199e-15,0.061803,0.11756,0.1618,0.19021,0.2,0.19021,0.1618,0.11756,0.061803,3.9164e-16,-0.061803,-0.11756,-0.1618,-0.19021,-0.2,-0.19021,-0.1618,-0.11756,-0.061803,-2.5478e-15,0.061803,0.11756,0.1618,0.19021,0.2,0.19021,0.1618,0.11756,0.061803,-9.8046e-16,-0.061803,-0.11756,-0.1618,-0.19021,-0.2,-0.19021,-0.1618,-0.11756,-0.061803,-1.1757e-15,0.061803,0.11756,0.1618,0.19021,0.2,0.19021,0.1618,0.11756,0.061803,3.3318e-15,-0.061803,-0.11756,-0.1618,-0.19021,-0.2,-0.19021,-0.1618,-0.11756,-0.061803,1.9644e-16,0.061803,0.11756,0.1618,0.19021,0.2,0.19021,0.1618,0.11756,0.061803,1.9597e-15,-0.061803,-0.11756,-0.1618,-0.19021,-0.2,-0.19021,-0.1618,-0.11756,-0.061803,1.5685e-15,0.061803,0.11756,0.1618,0.19021,0.2,0.19021,0.1618,0.11756,0.061803,5.8758e-16,-0.061803,-0.11756,-0.1618,-0.19021,-0.2,-0.19021,-0.1618,-0.11756,-0.061803,-2.7437e-15,0.061803,0.11756,0.1618,0.19021,0.2,0.19021,0.1618,0.11756,0.061803,-7.8452e-16,-0.061803,-0.11756,-0.1618,-0.19021,-0.2,-0.19021,-0.1618,-0.11756,-0.061803,-1.3716e-15,0.061803,0.11756,0.1618,0.19021,0.2,0.19021,0.1618,0.11756,0.061803,3.5277e-15,-0.061803,-0.11756,-0.1618,-0.19021,-0.2,-0.19021,-0.1618,-0.11756,-0.061803,4.9518e-19,0.061803,0.11756,0.1618,0.19021,0.2,0.19021,0.1618,0.11756,0.061803,2.1556e-15,-0.061803,-0.11756,-0.1618,-0.19021,-0.2,-0.19021,-0.1618,-0.11756,-0.061803,-4.3117e-15,0.061803,0.11756,0.1618,0.19021,0.2,0.19021,0.1618,0.11756,0.061803,7.8353e-16,-0.061803,-0.11756,-0.1618,-0.19021,-0.2,-0.19021,-0.1618,-0.11756,-0.061803,-2.9396e-15,0.061803,0.11756,0.1618,0.19021,0.2,0.19021,0.1618,0.11756,0.061803,-5.8857e-16,-0.061803,-0.11756,-0.1618,-0.19021,-0.2,-0.19021,-0.1618,-0.11756,-0.061803,-1.5675e-15,0.061803,0.11756,0.1618,0.19021,0.2,0.19021,0.1618,0.11756,0.061803,3.7237e-15,-0.061803,-0.11756,-0.1618,-0.19021,-0.2,-0.19021,-0.1618,-0.11756,-0.061803,-1.9545e-16,0.061803,0.11756,0.1618,0.19021,0.2,0.19021,0.1618,0.11756,0.061803,2.3516e-15,-0.061803,-0.11756,-0.1618,-0.19021,-0.2,-0.19021,-0.1618,-0.11756,-0.061803,1.1767e-15,0.061803,0.11756,0.1618,0.19021,0.2,0.19021,0.1618,0.11756,0.061803,9.7947e-16,-0.061803,-0.11756,-0.1618,-0.19021,-0.2,-0.19021,-0.1618,-0.11756,-0.061803,-3.1356e-15,0.061803,0.11756,0.1618,0.19021,0.2,0.19021,0.1618,0.11756,0.061803,-3.9263e-16,-0.061803,-0.11756,-0.1618,-0.19021,-0.2,-0.19021,-0.1618,-0.11756,-0.061803,-1.7635e-15,0.061803,0.11756,0.1618,0.19021,0.2,0.19021,0.1618,0.11756,0.061803,3.9196e-15,-0.061803,-0.11756,-0.1618,-0.19021,-0.2,-0.19021,-0.1618,-0.11756,-0.061803,-3.9139e-16,0.061803,0.11756,0.1618,0.19021,0.2,0.19021,0.1618,0.11756,0.061803,2.5475e-15,-0.061803,-0.11756,-0.1618,-0.19021,-0.2,-0.19021,-0.1618,-0.11756,-0.061803,-4.7036e-15,0.061803,0.11756,0.1618,0.19021,0.2,0.19021,0.1618,0.11756,0.061803,1.1754e-15,-0.061803,-0.11756,-0.1618,-0.19021,-0.2,-0.19021,-0.1618,-0.11756,-0.061803,-3.3315e-15,0.061803,0.11756,0.1618,0.19021,0.2,0.19021,0.1618,0.11756,0.061803,-1.9669e-16,-0.061803,-0.11756,-0.1618,-0.19021,-0.2,-0.19021,-0.1618,-0.11756,-0.061803,-1.9594e-15
1,1,1,1,1,1,1,1,1,1,1,1,1,1,1,1,1,1,1,1,1,1,1,1,1,1,1,1,1,1,1,1,1,1,1,1,1,1,1,1,1,1,1,1,1,1,1,1,1,1,1,1,1,1,1,1,1,1,1,1,1,1,1,1,1,1,1,1,1,1,1,1,1,1,1,1,1,1,1,1,1,1,1,1,1,1,1,1,1,1,1,1,1,1,1,1,1,1,1,1,1,1,1,1,1,1,1,1,1,1,1,1,1,1,1,1,1,1,1,1,1,1,1,1,1,1,1,1,1,1,1,1,1,1,1,1,1,1,1,1,1,1,1,1,1,1,1,1,1,1,1,1,1,1,1,1,1,1,1,1,1,1,1,1,1,1,1,1,1,1,1,1,1,1,1,1,1,1,1,1,1,1,1,1,1,1,1,1,1,1,1,1,1,1,1,1,1,1,1,1,0,0,0,0,0,0,0,0,0,0,0,0,0,0,0,0,0,0,0,0,0,0,0,0,0,0,0,0,0,0,0,0,0,0,0,0,0,0,0,0,0,0,0,0,0,0,0,0,0,0,0,0,0,0,0,0,0,0,0,0,0,0,0,0,0,0,0,0,0,0,0,0,0,0,0,0,0,0,0,0,0,0,0,0,0,0,0,0,0,0,0,0,0,0,0,0,0,0,0,0,0,0,0,0,0,0,0,0,0,0,0,0,0,0,0,0,0,0,0,0,0,0,0,0,0,0,0,0,0,0,0,0,0,0,0,0,0,0,0,0,0,0,0,0,0,0,0,0,0,0,0,0,0,0,0,0,0,0,0,0,0,0,0,0,0,0,0,0,0,0,0,0,0,0,0,0,0,0,0,0,0,0,0,0,0,0,0,0,0,0,0,0,0,0,0,0,0,0,0,0,-1,-1,-1,-1,-1,-1,-1,-1,-1,-1,-1,-1,-1,-1,-1,-1,-1,-1,-1,-1,-1,-1,-1,-1,-1,-1,-1,-1,-1,-1,-1,-1,-1,-1,-1,-1,-1,-1,-1,-1,-1,-1,-1,-1,-1,-1,-1,-1,-1,-1,-1,-1,-1,-1,-1,-1,-1,-1,-1,-1,-1,-1,-1,-1,-1,-1,-1,-1,-1,-1,-1,-1,-1,-1,-1,-1,-1,-1,-1,-1,-1,-1,-1,-1,-1,-1,-1,-1,-1,-1,-1,-1,-1,-1,-1,-1,-1,-1,-1,-1,-1,-1,-1,-1,-1,-1,-1,-1,-1,-1,-1,-1,-1,-1,-1,-1,-1,-1,-1,-1,-1,-1,-1,-1,-1,-1,-1,-1,-1,-1,-1,-1,-1,-1,-1,-1,-1,-1,-1,-1,-1,-1,-1,-1,-1,-1,-1,-1,-1,-1,-1,-1,-1,-1,-1,-1,-1,-1,-1,-1,-1,-1,-1,-1,-1,-1,-1,-1,-1,-1,-1,-1,-1,-1,-1,-1,-1,-1,-1,-1,-1,-1,-1,-1,-1,-1,-1,-1,-1,-1,-1,-1,-1,-1,-1,-1,-1,-1,-1,-1,0,0,0,0,0,0,0,0,0,0,0,0,0,0,0,0,0,0,0,0,0,0,0,0,0,0,0,0,0,0,0,0,0,0,0,0,0,0,0,0,0,0,0,0,0,0,0,0,0,0,0,0,0,0,0,0,0,0,0,0,0,0,0,0,0,0,0,0,0,0,0,0,0,0,0,0,0,0,0,0,0,0,0,0,0,0,0,0,0,0,0,0,0,0,0,0,0,0,0,0,0,0,0,0,0,0,0,0,0,0,0,0,0,0,0,0,0,0,0,0,0,0,0,0,0,0,0,0,0,0,0,0,0,0,0,0,0,0,0,0,0,0,0,0,0,0,0,0,0,0,0,0,0,0,0,0,0,0,0,0,0,0,0,0,0,0,0,0,0,0,0,0,0,0,0,0,0,0,0,0,0,0,0,0,0,0,0,0,0,0,0,0,0,0,0,0,0,0,0,0,0
0,0,0,0,0,0,0,0,0,0,0,0,0,0,0,0,0,0,0,0,0,0,0,0,0,0,0,0,0,0,0,0,0,0,0,0,0,0,0,0,0,0,0,0,0,0,0,0,0,0,0,0,0,0,0,0,0,0,0,0,0,0,0,0,0,0,0,0,0,0,0,0,0,0,0,0,0,0,0,0,0,0,0,0,0,0,0,0,0,0,0,0,0,0,0,0,0,0,0,0,0,0,0,0,0,0,0,0,0,0,0,0,0,0,0,0,0,0,0,0,0,0,0,0,0,0,0,0,0,0,0,0,0,0,0,0,0,0,0,0,0,0,0,0,0,0,0,0,0,0,0,0,0,0,0,0,0,0,0,0,0,0,0,0,0,0,0,0,0,0,0,0,0,0,0,0,0,0,0,0,0,0,0,0,0,0,0,0,0,0,0,0,0,0,0,0,0,0,0,0,1,1,1,1,1,1,1,1,1,1,1,1,1,1,1,1,1,1,1,1,1,1,1,1,1,1,1,1,1,1,1,1,1,1,1,1,1,1,1,1,1,1,1,1,1,1,1,1,1,1,1,1,1,1,1,1,1,1,1,1,1,1,1,1,1,1,1,1,1,1,1,1,1,1,1,1,1,1,1,1,1,1,1,1,1,1,1,1,1,1,1,1,1,1,1,1,1,1,1,1,1,1,1,1,1,1,1,1,1,1,1,1,1,1,1,1,1,1,1,1,1,1,1,1,1,1,1,1,1,1,1,1,1,1,1,1,1,1,1,1,1,1,1,1,1,1,1,1,1,1,1,1,1,1,1,1,1,1,1,1,1,1,1,1,1,1,1,1,1,1,1,1,1,1,1,1,1,1,1,1,1,1,1,1,1,1,1,1,1,1,1,1,1,1,1,1,1,1,1,1,0,0,0,0,0,0,0,0,0,0,0,0,0,0,0,0,0,0,0,0,0,0,0,0,0,0,0,0,0,0,0,0,0,0,0,0,0,0,0,0,0,0,0,0,0,0,0,0,0,0,0,0,0,0,0,0,0,0,0,0,0,0,0,0,0,0,0,0,0,0,0,0,0,0,0,0,0,0,0,0,0,0,0,0,0,0,0,0,0,0,0,0,0,0,0,0,0,0,0,0,0,0,0,0,0,0,0,0,0,0,0,0,0,0,0,0,0,0,0,0,0,0,0,0,0,0,0,0,0,0,0,0,0,0,0,0,0,0,0,0,0,0,0,0,0,0,0,0,0,0,0,0,0,0,0,0,0,0,0,0,0,0,0,0,0,0,0,0,0,0,0,0,0,0,0,0,0,0,0,0,0,0,0,0,0,0,0,0,0,0,0,0,0,0,0,0,0,0,0,0,-1,-1,-1,-1,-1,-1,-1,-1,-1,-1,-1,-1,-1,-1,-1,-1,-1,-1,-1,-1,-1,-1,-1,-1,-1,-1,-1,-1,-1,-1,-1,-1,-1,-1,-1,-1,-1,-1,-1,-1,-1,-1,-1,-1,-1,-1,-1,-1,-1,-1,-1,-1,-1,-1,-1,-1,-1,-1,-1,-1,-1,-1,-1,-1,-1,-1,-1,-1,-1,-1,-1,-1,-1,-1,-1,-1,-1,-1,-1,-1,-1,-1,-1,-1,-1,-1,-1,-1,-1,-1,-1,-1,-1,-1,-1,-1,-1,-1,-1,-1,-1,-1,-1,-1,-1,-1,-1,-1,-1,-1,-1,-1,-1,-1,-1,-1,-1,-1,-1,-1,-1,-1,-1,-1,-1,-1,-1,-1,-1,-1,-1,-1,-1,-1,-1,-1,-1,-1,-1,-1,-1,-1,-1,-1,-1,-1,-1,-1,-1,-1,-1,-1,-1,-1,-1,-1,-1,-1,-1,-1,-1,-1,-1,-1,-1,-1,-1,-1,-1,-1,-1,-1,-1,-1,-1,-1,-1,-1,-1,-1,-1,-1,-1,-1,-1,-1,-1,-1,-1,-1,-1,-1,-1,-1,-1,-1,-1,-1,-1,-1,0
0,0,0,0,0,0,0,0,0,0,0,0,0,0,0,0,0,0,0,0,0,0,0,0,0,0,0,0,0,0,0,0,0,0,0,0,0,0,0,0,0,0,0,0,0,0,0,0,0,0,0,0,0,0,0,0,0,0,0,0,0,0,0,0,0,0,0,0,0,0,0,0,0,0,0,0,0,0,0,0,0,0,0,0,0,0,0,0,0,0,0,0,0,0,0,0,0,0,0,0,0,0,0,0,0,0,0,0,0,0,0,0,0,0,0,0,0,0,0,0,0,0,0,0,0,0,0,0,0,0,0,0,0,0,0,0,0,0,0,0,0,0,0,0,0,0,0,0,0,0,0,0,0,0,0,0,0,0,0,0,0,0,0,0,0,0,0,0,0,0,0,0,0,0,0,0,0,0,0,0,0,0,0,0,0,0,0,0,0,0,0,0,0,0,0,0,0,0,0,0,0,0,0,0,0,0,0,0,0,0,0,0,0,0,0,0,0,0,0,0,0,0,0,0,0,0,0,0,0,0,0,0,0,0,0,0,0,0,0,0,0,0,0,0,0,0,0,0,0,0,0,0,0,0,0,0,0,0,0,0,0,0,0,0,0,0,0,0,0,0,0,0,0,0,0,0,0,0,0,0,0,0,0,0,0,0,0,0,0,0,0,0,0,0,0,0,0,0,0,0,0,0,0,0,0,0,0,0,0,0,0,0,0,0,0,0,0,0,0,0,0,0,0,0,0,0,0,0,0,0,0,0,0,0,0,0,0,0,0,0,0,0,0,0,0,0,0,0,0,0,0,0,0,0,0,0,0,0,0,0,0,0,0,0,0,0,0,0,0,0,0,0,0,0,0,0,0,0,0,0,0,0,0,0,0,0,0,0,0,0,0,0,0,0,0,0,0,0,0,0,0,0,0,0,0,0,0,0,0,0,0,0,0,0,0,0,0,0,0,0,0,0,0,0,0,0,0,0,0,0,0,0,0,0,0,0,0,0,0,0,0,0,0,0,0,0,0,0,0,0,0,0,0,0,0,0,0,0,0,0,0,0,0,0,0,0,0,0,0,0,0,0,0,0,0,0,0,0,0,0,0,0,0,0,0,0,0,0,0,0,0,0,0,0,0,0,0,0,0,0,0,0,0,0,0,0,0,0,0,0,0,0,0,0,0,0,0,0,0,0,0,0,0,0,0,0,0,0,0,0,0,0,0,0,0,0,0,0,0,0,0,0,0,0,0,0,0,0,0,0,0,0,0,0,0,0,0,0,0,0,0,0,0,0,0,0,0,0,0,0,0,0,0,0,0,0,0,0,0,0,0,0,0,0,0,0,0,0,0,0,0,0,0,0,0,0,0,0,0,0,0,0,0,0,0,0,0,0,0,0,0,0,0,0,0,0,0,0,0,0,0,0,0,0,0,0,0,0,0,0,0,0,0,0,0,0,0,0,0,0,0,0,0,0,0,0,0,0,0,0,0,0,0,0,0,0,0,0,0,0,0,0,0,0,0,0,0,0,0,0,0,0,0,0,0,0,0,0,0,0,0,0,0,0,0,0,0,0,0,0,0,0,0,0,0,0,0,0,0,0,0,0,0,0,0,0,0,0,0,0,0,0,0,0,0,0,0,0,0,0,0,0,0,0,0,0,0,0,0,0,0,0,0,0,0,0,0,0,0,0,0,0,0,0,0,0,0,0,0,0,0,0,0,0,0,0,0,0,0,0,0,0,0,0,0,0,0,0,0,0,0,0,0,0,0,0,0,0,0,0,0,0,0,0,0,0,0,0,0,0,0,0,0,0,0,0,0,0,0,0,0
1.2566,1.1951,1.0166,0.73863,0.38832,7.6947e-17,-0.38832,-0.73863,-1.0166,-1.1951,-1.2566,-1.1951,-1.0166,-0.73863,-0.38832,-2.3084e-16,0.38832,0.73863,1.0166,1.1951,1.2566,1.1951,1.0166,0.73863,0.38832,3.8473e-16,-0.38832,-0.73863,-1.0166,-1.1951,-1.2566,-1.1951,-1.0166,-0.73863,-0.38832,-5.3863e-16,0.38832,0.73863,1.0166,1.1951,1.2566,1.1951,1.0166,0.73863,0.38832,6.9252e-16,-0.38832,-0.73863,-1.0166,-1.1951,-1.2566,-1.1951,-1.0166,-0.73863,-0.38832,-3.0787e-15,0.38832,0.73863,1.0166,1.1951,1.2566,1.1951,1.0166,0.73863,0.38832,-1.2319e-15,-0.38832,-0.73863,-1.0166,-1.1951,-1.2566,-1.1951,-1.0166,-0.73863,-0.38832,-3.3864e-15,0.38832,0.73863,1.0166,1.1951,1.2566,1.1951,1.0166,0.73863,0.38832,-9.2414e-16,-0.38832,-0.73863,-1.0166,-1.1951,-1.2566,-1.1951,-1.0166,-0.73863,-0.38832,-3.6942e-15,0.38832,0.73863,1.0166,1.1951,1.2566,1.1951,1.0166,0.73863,0.38832,-6.1635e-16,-0.38832,-0.73863,-1.0166,-1.1951,-1.2566,-1.1951,-1.0166,-0.73863,-0.38832,-4.002e-15,0.38832,0.73863,1.0166,1.1951,1.2566,1.1951,1.0166,0.73863,0.38832,-3.0857e-16,-0.38832,-0.73863,-1.0166,-1.1951,-1.2566,-1.1951,-1.0166,-0.73863,-0.38832,-4.3098e-15,0.38832,0.73863,1.0166,1.1951,1.2566,1.1951,1.0166,0.73863,0.38832,-7.7783e-19,-0.38832,-0.73863,-1.0166,-1.1951,-1.2566,-1.1951,-1.0166,-0.73863,-0.38832,-4.6176e-15,0.38832,0.73863,1.0166,1.1951,1.2566,1.1951,1.0166,0.73863,0.38832,3.0701e-16,-0.38832,-0.73863,-1.0166,-1.1951,-1.2566,-1.1951,-1.0166,-0.73863,-0.38832,-4.9254e-15,0.38832,0.73863,1.0166,1.1951,1.2566,1.1951,1.0166,0.73863,0.38832,6.148e-16,-0.38832,-0.73863,-1.0166,-1.1951,-1.2566,-1.1951,-1.0166,-0.73863,-0.38832,-5.2332e-15,0.38832,0.73863,1.0166,1.1951,1.2566,1.1951,1.0166,0.73863,0.38832,9.8515e-15,-0.38832,-0.73863,-1.0166,-1.1951,-1.2566,-1.1951,-1.0166,-0.73863,-0.38832,-5.5409e-15,0.38832,0.73863,1.0166,1.1951,1.2566,1.1951,1.0166,0.73863,0.38832,1.2304e-15,-0.38832,-0.73863,-1.0166,-1.1951,-1.2566,-1.1951,-1.0166,-0.73863,-0.38832,3.0802e-15,0.38832,0.73863,1.0166,1.1951,1.2566,1.1951,1.0166,0.73863,0.38832,1.0467e-14,-0.38832,-0.73863,-1.0166,-1.1951,-1.2566,-1.1951,-1.0166,-0.73863,-0.38832,-6.1565e-15,0.38832,0.73863,1.0166,1.1951,1.2566,1.1951,1.0166,0.73863,0.38832,1.8459e-15,-0.38832,-0.73863,-1.0166,-1.1951,-1.2566,-1.1951,-1.0166,-0.73863,-0.38832,2.4646e-15,0.38832,0.73863,1.0166,1.1951,1.2566,1.1951,1.0166,0.73863,0.38832,1.1083e-14,-0.38832,-0.73863,-1.0166,-1.1951,-1.2566,-1.1951,-1.0166,-0.73863,-0.38832,-6.7721e-15,0.38832,0.73863,1.0166,1.1951,1.2566,1.1951,1.0166,0.73863,0.38832,2.4615e-15,-0.38832,-0.73863,-1.0166,-1.1951,-1.2566,-1.1951,-1.0166,-0.73863,-0.38832,1.8491e-15,0.38832,0.73863,1.0166,1.1951,1.2566,1.1951,1.0166,0.73863,0.38832,1.1698e-14,-0.38832,-0.73863,-1.0166,-1.1951,-1.2566,-1.1951,-1.0166,-0.73863,-0.38832,-7.3877e-15,0.38832,0.73863,1.0166,1.1951,1.2566,1.1951,1.0166,0.73863,0.38832,3.0771e-15,-0.38832,-0.73863,-1.0166,-1.1951,-1.2566,-1.1951,-1.0166,-0.73863,-0.38832,1.2335e-15,0.38832,0.73863,1.0166,1.1951,1.2566,1.1951,1.0166,0.73863,0.38832,1.2314e-14,-0.38832,-0.73863,-1.0166,-1.1951,-1.2566,-1.1951,-1.0166,-0.73863,-0.38832,-8.0032e-15,0.38832,0.73863,1.0166,1.1951,1.2566,1.1951,1.0166,0.73863,0.38832,3.6927e-15,-0.38832,-0.73863,-1.0166,-1.1951,-1.2566,-1.1951,-1.0166,-0.73863,-0.38832,6.1791e-16,0.38832,0.73863,1.0166,1.1951,1.2566,1.1951,1.0166,0.73863,0.38832,1.2929e-14,-0.38832,-0.73863,-1.0166,-1.1951,-1.2566,-1.1951,-1.0166,-0.73863,-0.38832,9.2391e-15,0.38832,0.73863,1.0166,1.1951,1.2566,1.1951,1.0166,0.73863,0.38832,4.3082e-15,-0.38832,-0.73863,-1.0166,-1.1951,-1.2566,-1.1951,-1.0166,-0.73863,-0.38832,-1.7856e-14,0.38832,0.73863,1.0166,1.1951,1.2566,1.1951,1.0166,0.73863,0.38832,-4.3129e-15,-0.38832,-0.73863,-1.0166,-1.1951,-1.2566,-1.1951,-1.0166,-0.73863,-0.38832,-9.2344e-15,0.38832,0.73863,1.0166,1.1951,1.2566,1.1951,1.0166,0.73863,0.38832,2.2782e-14,-0.38832,-0.73863,-1.0166,-1.1951,-1.2566,-1.1951,-1.0166,-0.73863,-0.38832,-6.1324e-16,0.38832,0.73863,1.0166,1.1951,1.2566,1.1951,1.0166,0.73863,0.38832,1.4161e-14,-0.38832,-0.73863,-1.0166,-1.1951,-1.2566,-1.1951,-1.0166,-0.73863,-0.38832,8.0079e-15,0.38832,0.73863,1.0166,1.1951,1.2566,1.1951,1.0166,0.73863,0.38832,5.5394e-15,-0.38832,-0.73863,-1.0166,-1.1951,-1.2566,-1.1951,-1.0166,-0.73863,-0.38832,-1.9087e-14,0.38832,0.73863,1.0166,1.1951,1.2566,1.1951,1.0166,0.73863,0.38832,-3.0818e-15,-0.38832,-0.73863,-1.0166,-1.1951,-1.2566,-1.1951,-1.0166,-0.73863,-0.38832,-1.0466e-14,0.38832,0.73863,1.0166,1.1951,1.2566,1.1951,1.0166,0.73863,0.38832,2.4013e-14,-0.38832,-0.73863,-1.0166,-1.1951,-1.2566,-1.1951,-1.0166,-0.73863,-0.38832,-1.8444e-15,0.38832,0.73863,1.0166,1.1951,1.2566,1.1951,1.0166,0.73863,0.38832,1.5392e-14,-0.38832,-0.73863,-1.0166,-1.1951,-1.2566,-1.1951,-1.0166,-0.73863,-0.38832,6.7768e-15,0.38832,0.73863,1.0166,1.1951,1.2566,1.1951,1.0166,0.73863,0.38832,6.7705e-15,-0.38832,-0.73863,-1.0166,-1.1951,-1.2566,-1.1951,-1.0166,-0.73863,-0.38832,-2.0318e-14,0.38832,0.73863,1.0166,1.1951,1.2566,1.1951,1.0166,0.73863,0.38832,-1.8506e-15,-0.38832,-0.73863,-1.0166,-1.1951,-1.2566,-1.1951,-1.0166,-0.73863,-0.38832,-1.1697e-14,0.38832,0.73863,1.0166,1.1951,1.2566,1.1951,1.0166,0.73863,0.38832,2.5244e-14,-0.38832,-0.73863,-1.0166,-1.1951,-1.2566,-1.1951,-1.0166,-0.73863,-0.38832,-3.0755e-15,0.38832,0.73863,1.0166,1.1951,1.2566,1.1951,1.0166,0.73863,0.38832,1.6623e-14,-0.38832,-0.73863,-1.0166,-1.1951,-1.2566,-1.1951,-1.0166,-0.73863,-0.38832,5.5456e-15,0.38832,0.73863,1.0166,1.1951,1.2566,1.1951,1.0166,0.73863,0.38832,8.0017e-15,-0.38832,-0.73863,-1.0166,-1.1951,-1.2566,-1.1951,-1.0166,-0.73863,-0.38832,-2.1549e-14,0.38832,0.73863,1.0166,1.1951,1.2566,1.1951,1.0166,0.73863,0.38832,-6.1946e-16,-0.38832,-0.73863,-1.0166,-1.1951,-1.2566,-1.1951,-1.0166,-0.73863,-0.38832,-1.2928e-14,0.38832,0.73863,1.0166,1.1951,1.2566,1.1951,1.0166,0.73863,0.38832,2.6475e-14,-0.38832,-0.73863,-1.0166,-1.1951,-1.2566,-1.1951,-1.0166,-0.73863,-0.38832,-4.3067e-15,0.38832,0.73863,1.0166,1.1951,1.2566,1.1951,1.0166,0.73863,0.38832,1.7854e-14,-0.38832,-0.73863,-1.0166,-1.1951,-1.2566,-1.1951,-1.0166,-0.73863,-0.38832,4.3145e-15,0.38832,0.73863,1.0166,1.1951,1.2566,1.1951,1.0166,0.73863,0.38832,9.2328e-15,-0.38832,-0.73863,-1.0166,-1.1951,-1.2566,-1.1951,-1.0166,-0.73863,-0.38832,-2.278e-14,0.38832,0.73863,1.0166,1.1951,1.2566,1.1951,1.0166,0.73863,0.38832,6.1169e-16,-0.38832,-0.73863,-1.0166,-1.1951,-1.2566,-1.1951,-1.0166,-0.73863,-0.38832,-1.4159e-14,0.38832,0.73863,1.0166,1.1951,1.2566,1.1951,1.0166,0.73863,0.38832,2.7706e-14,-0.38832,-0.73863,-1.0166,-1.1951,-1.2566,-1.1951,-1.0166,-0.73863,-0.38832,-5.5378e-15,0.38832,0.73863,1.0166,1.1951,1.2566
0,0,0,0,0,0,0,0,0,0,0,0,0,0,0,0,0,0,0,0,0,0,0,0,0,0,0,0,0,0,0,0,0,0,0,0,0,0,0,0,0,0,0,0,0,0,0,0,0,0,0,0,0,0,0,0,0,0,0,0,0,0,0,0,0,0,0,0,0,0,0,0,0,0,0,0,0,0,0,0,0,0,0,0,0,0,0,0,0,0,0,0,0,0,0,0,0,0,0,0,0,0,0,0,0,0,0,0,0,0,0,0,0,0,0,0,0,0,0,0,0,0,0,0,0,0,0,0,0,0,0,0,0,0,0,0,0,0,0,0,0,0,0,0,0,0,0,0,0,0,0,0,0,0,0,0,0,0,0,0,0,0,0,0,0,0,0,0,0,0,0,0,0,0,0,0,0,0,0,0,0,0,0,0,0,0,0,0,0,0,0,0,0,0,0,0,0,0,0,0,0,0,0,0,0,0,0,0,0,0,0,0,0,0,0,0,0,0,0,0,0,0,0,0,0,0,0,0,0,0,0,0,0,0,0,0,0,0,0,0,0,0,0,0,0,0,0,0,0,0,0,0,0,0,0,0,0,0,0,0,0,0,0,0,0,0,0,0,0,0,0,0,0,0,0,0,0,0,0,0,0,0,0,0,0,0,0,0,0,0,0,0,0,0,0,0,0,0,0,0,0,0,0,0,0,0,0,0,0,0,0,0,0,0,0,0,0,0,0,0,0,0,0,0,0,0,0,0,0,0,0,0,0,0,0,0,0,0,0,0,0,0,0,0,0,0,0,0,0,0,0,0,0,0,0,0,0,0,0,0,0,0,0,0,0,0,0,0,0,0,0,0,0,0,0,0,0,0,0,0,0,0,0,0,0,0,0,0,0,0,0,0,0,0,0,0,0,0,0,0,0,0,0,0,0,0,0,0,0,0,0,0,0,0,0,0,0,0,0,0,0,0,0,0,0,0,0,0,0,0,0,0,0,0,0,0,0,0,0,0,0,0,0,0,0,0,0,0,0,0,0,0,0,0,0,0,0,0,0,0,0,0,0,0,0,0,0,0,0,0,0,0,0,0,0,0,0,0,0,0,0,0,0,0,0,0,0,0,0,0,0,0,0,0,0,0,0,0,0,0,0,0,0,0,0,0,0,0,0,0,0,0,0,0,0,0,0,0,0,0,0,0,0,0,0,0,0,0,0,0,0,0,0,0,0,0,0,0,0,0,0,0,0,0,0,0,0,0,0,0,0,0,0,0,0,0,0,0,0,0,0,0,0,0,0,0,0,0,0,0,0,0,0,0,0,0,0,0,0,0,0,0,0,0,0,0,0,0,0,0,0,0,0,0,0,0,0,0,0,0,0,0,0,0,0,0,0,0,0,0,0,0,0,0,0,0,0,0,0,0,0,0,0,0,0,0,0,0,0,0,0,0,0,0,0,0,0,0,0,0,0,0,0,0,0,0,0,0,0,0,0,0,0,0,0,0,0,0,0,0,0,0,0,0,0,0,0,0,0,0,0,0,0,0,0,0,0,0,0,0,0,0,0,0,0,0,0,0,0,0,0,0,0,0,0,0,0,0,0,0,0,0,0,0,0,0,0,0,0,0,0,0,0,0,0,0,0,0,0,0,0,0,0,0,0,0,0,0,0,0,0,0,0,0,0,0,0,0,0,0,0,0,0,0,0,0,0,0,0,0,0,0,0,0,0,0,0,0,0,0,0,0,0,0,0,0,0,0,0,0,0,0,0,0,0,0,0,0,0,0,0,0,0,0,0,0,0,0,0,0,0,0,0,0,0,0,0,0,0,0,0
0,0,0,0,0,0,0,0,0,0,0,0,0,0,0,0,0,0,0,0,0,0,0,0,0,0,0,0,0,0,0,0,0,0,0,0,0,0,0,0,0,0,0,0,0,0,0,0,0,0,0,0,0,0,0,0,0,0,0,0,0,0,0,0,0,0,0,0,0,0,0,0,0,0,0,0,0,0,0,0,0,0,0,0,0,0,0,0,0,0,0,0,0,0,0,0,0,0,0,0,0,0,0,0,0,0,0,0,0,0,0,0,0,0,0,0,0,0,0,0,0,0,0,0,0,0,0,0,0,0,0,0,0,0,0,0,0,0,0,0,0,0,0,0,0,0,0,0,0,0,0,0,0,0,0,0,0,0,0,0,0,0,0,0,0,0,0,0,0,0,0,0,0,0,0,0,0,0,0,0,0,0,0,0,0,0,0,0,0,0,0,0,0,0,0,0,0,0,0,0,0,0,0,0,0,0,0,0,0,0,0,0,0,0,0,0,0,0,0,0,0,0,0,0,0,0,0,0,0,0,0,0,0,0,0,0,0,0,0,0,0,0,0,0,0,0,0,0,0,0,0,0,0,0,0,0,0,0,0,0,0,0,0,0,0,0,0,0,0,0,0,0,0,0,0,0,0,0,0,0,0,0,0,0,0,0,0,0,0,0,0,0,0,0,0,0,0,0,0,0,0,0,0,0,0,0,0,0,0,0,0,0,0,0,0,0,0,0,0,0,0,0,0,0,0,0,0,0,0,0,0,0,0,0,0,0,0,0,0,0,0,0,0,0,0,0,0,0,0,0,0,0,0,0,0,0,0,0,0,0,0,0,0,0,0,0,0,0,0,0,0,0,0,0,0,0,0,0,0,0,0,0,0,0,0,0,0,0,0,0,0,0,0,0,0,0,0,0,0,0,0,0,0,0,0,0,0,0,0,0,0,0,0,0,0,0,0,0,0,0,0,0,0,0,0,0,0,0,0,0,0,0,0,0,0,0,0,0,0,0,0,0,0,0,0,0,0,0,0,0,0,0,0,0,0,0,0,0,0,0,0,0,0,0,0,0,0,0,0,0,0,0,0,0,0,0,0,0,0,0,0,0,0,0,0,0,0,0,0,0,0,0,0,0,0,0,0,0,0,0,0,0,0,0,0,0,0,0,0,0,0,0,0,0,0,0,0,0,0,0,0,0,0,0,0,0,0,0,0,0,0,0,0,0,0,0,0,0,0,0,0,0,0,0,0,0,0,0,0,0,0,0,0,0,0,0,0,0,0,0,0,0,0,0,0,0,0,0,0,0,0,0,0,0,0,0,0,0,0,0,0,0,0,0,0,0,0,0,0,0,0,0,0,0,0,0,0,0,0,0,0,0,0,0,0,0,0,0,0,0,0,0,0,0,0,0,0,0,0,0,0,0,0,0,0,0,0,0,0,0,0,0,0,0,0,0,0,0,0,0,0,0,0,0,0,0,0,0,0,0,0,0,0,0,0,0,0,0,0,0,0,0,0,0,0,0,0,0,0,0,0,0,0,0,0,0,0,0,0,0,0,0,0,0,0,0,0,0,0,0,0,0,0,0,0,0,0,0,0,0,0,0,0,0,0,0,0,0,0,0,0,0,0,0,0,0,0,0,0,0,0,0,0,0,0,0,0,0,0,0,0,0,0,0,0,0,0,0,0,0,0,0,0,0,0,0,0,0,0,0,0,0,0,0,0,0,0,0,0,0,0,0,0,0,0,0,0,0,0,0,0,0,0,0,0,0,0,0,0,0,0,0,0,0,0,0,0,0,0,0,0,0,0,0,0,0,0,0,0,0,0
0,0,0,0,0,0,0,0,0,0,0,0,0,0,0,0,0,0,0,0,0,0,0,0,0,0,0,0,0,0,0,0,0,0,0,0,0,0,0,0,0,0,0,0,0,0,0,0,0,0,0,0,0,0,0,0,0,0,0,0,0,0,0,0,0,0,0,0,0,0,0,0,0,0,0,0,0,0,0,0,0,0,0,0,0,0,0,0,0,0,0,0,0,0,0,0,0,0,0,0,0,0,0,0,0,0,0,0,0,0,0,0,0,0,0,0,0,0,0,0,0,0,0,0,0,0,0,0,0,0,0,0,0,0,0,0,0,0,0,0,0,0,0,0,0,0,0,0,0,0,0,0,0,0,0,0,0,0,0,0,0,0,0,0,0,0,0,0,0,0,0,0,0,0,0,0,0,0,0,0,0,0,0,0,0,0,0,0,0,0,0,0,0,0,0,0,0,0,0,0,0,0,0,0,0,0,0,0,0,0,0,0,0,0,0,0,0,0,0,0,0,0,0,0,0,0,0,0,0,0,0,0,0,0,0,0,0,0,0,0,0,0,0,0,0,0,0,0,0,0,0,0,0,0,0,0,0,0,0,0,0,0,0,0,0,0,0,0,0,0,0,0,0,0,0,0,0,0,0,0,0,0,0,0,0,0,0,0,0,0,0,0,0,0,0,0,0,0,0,0,0,0,0,0,0,0,0,0,0,0,0,0,0,0,0,0,0,0,0,0,0,0,0,0,0,0,0,0,0,0,0,0,0,0,0,0,0,0,0,0,0,0,0,0,0,0,0,0,0,0,0,0,0,0,0,0,0,0,0,0,0,0,0,0,0,0,0,0,0,0,0,0,0,0,0,0,0,0,0,0,0,0,0,0,0,0,0,0,0,0,0,0,0,0,0,0,0,0,0,0,0,0,0,0,0,0,0,0,0,0,0,0,0,0,0,0,0,0,0,0,0,0,0,0,0,0,0,0,0,0,0,0,0,0,0,0,0,0,0,0,0,0,0,0,0,0,0,0,0,0,0,0,0,0,0,0,0,0,0,0,0,0,0,0,0,0,0,0,0,0,0,0,0,0,0,0,0,0,0,0,0,0,0,0,0,0,0,0,0,0,0,0,0,0,0,0,0,0,0,0,0,0,0,0,0,0,0,0,0,0,0,0,0,0,0,0,0,0,0,0,0,0,0,0,0,0,0,0,0,0,0,0,0,0,0,0,0,0,0,0,0,0,0,0,0,0,0,0,0,0,0,0,0,0,0,0,0,0,0,0,0,0,0,0,0,0,0,0,0,0,0,0,0,0,0,0,0,0,0,0,0,0,0,0,0,0,0,0,0,0,0,0,0,0,0,0,0,0,0,0,0,0,0,0,0,0,0,0,0,0,0,0,0,0,0,0,0,0,0,0,0,0,0,0,0,0,0,0,0,0,0,0,0,0,0,0,0,0,0,0,0,0,0,0,0,0,0,0,0,0,0,0,0,0,0,0,0,0,0,0,0,0,0,0,0,0,0,0,0,0,0,0,0,0,0,0,0,0,0,0,0,0,0,0,0,0,0,0,0,0,0,0,0,0,0,0,0,0,0,0,0,0,0,0,0,0,0,0,0,0,0,0,0,0,0,0,0,0,0,0,0,0,0,0,0,0,0,0,0,0,0,0,0,0,0,0,0,0,0,0,0,0,0,0,0,0,0,0,0,0,0,0,0,0,0,0,0,0,0,0,0,0,0,0,0,0,0,0,0,0,0,0,0,0,0,0,0,0,0,0,0,0,0,0,0,0,0,0,0,0,0,0,0,0,0,0,0,0,0,0,0
